,mean_implied_vol,std_implied_vol
VOLCANIC_ROCK_VOUCHER_10000,0.007766017036944666,0.0007873932981298692
VOLCANIC_ROCK_VOUCHER_10250,0.007365296699436864,0.00045815799613584243
VOLCANIC_ROCK_VOUCHER_10500,0.007663168414771632,0.0003238201981782326
VOLCANIC_ROCK_VOUCHER_9500,0.006663669785019451,0.005715050029261611
VOLCANIC_ROCK_VOUCHER_9750,0.008351747512025276,0.0024130309837015335
